perimeter,area,height,width,shape_index,compactness,weight
18.8391425971474,436.15178571428567,4.821428571428571,6.107142857142857,126.66666666666666,15.442771739499712,58.0
19.445234087961055,452.4375,4.607142857142857,6.642857142857142,144.18604651162792,15.036338935096737,56.0
19.236332544258666,445.1785714285714,4.714285714285714,6.2142857142857135,131.81818181818178,15.118181782212812,54.0
19.424621075391773,451.125,4.714285714285714,6.321428571428571,134.0909090909091,15.02455604035808,58.0
19.12157527889524,445.82142857142856,4.821428571428571,6.160714285714286,127.7777777777778,15.322282597965224,58.0
19.110806893025124,442.71428571428567,4.607142857142857,6.428571428571428,139.53488372093022,15.232646090072317,56.0
19.20495114581925,438.77678571428567,4.714285714285714,6.2142857142857135,131.81818181818178,14.949514643768548,58.0
18.53609683896814,426.13392857142856,4.607142857142857,6.107142857142857,132.55813953488374,15.585451877268504,54.0
18.79476253049714,437.27678571428567,4.875,6.160714285714286,126.37362637362637,15.555808938561643,56.0
19.173569779310903,444.6428571428571,4.607142857142857,6.535714285714286,141.86046511627907,15.199007433686536,56.0
19.066426845533503,444.8035714285714,4.875,6.2142857142857135,127.47252747252746,15.375863211440803,58.0
19.361858189105988,444.75,4.767857142857142,6.2142857142857135,130.3370786516854,14.908424522206095,58.0
19.29909541777202,445.9285714285714,4.767857142857142,6.321428571428571,132.58426966292137,15.045314019506458,58.0
18.63785545527935,426.5357142857143,4.714285714285714,6.053571428571428,128.4090909090909,15.430265061518508,54.0
18.66162247104304,418.9553571428571,4.821428571428571,5.946428571428571,123.33333333333334,15.117459489431344,56.0
19.20495110111577,441.2946428571428,4.714285714285714,6.2142857142857135,131.81818181818178,15.035300342023293,58.0
19.36185825296811,450.69642857142856,4.714285714285714,6.375,135.22727272727272,15.107754116831178,58.0
19.079425526516776,432.4553571428571,4.660714285714286,6.160714285714286,132.183908045977,14.928650720361183,54.0
19.236332550644875,446.3571428571428,4.714285714285714,6.267857142857142,132.95454545454544,15.158205839441628,56.0
19.0274310708046,441.5625,4.821428571428571,6.160714285714286,127.7777777777778,15.326455652010182,60.0
18.839142552443917,429.5625,4.607142857142857,6.267857142857142,136.04651162790697,15.209465796332596,54.0
18.73199977832181,429.0803571428571,4.607142857142857,6.2142857142857135,134.88372093023256,15.366685732641212,56.0
18.90190540041242,427.0982142857143,4.714285714285714,6.0,127.27272727272728,15.021954736996475,56.0
19.779661276510783,466.2321428571428,4.660714285714286,6.803571428571428,145.97701149425285,14.975260128241304,56.0
18.94090118791376,440.1428571428571,4.875,6.2142857142857135,127.47252747252746,15.417084241523764,58.0
19.445234049643787,447.8303571428571,4.714285714285714,6.375,135.22727272727272,14.88322489175488,58.0
19.110806950501036,434.7857142857143,4.714285714285714,6.2142857142857135,131.81818181818178,14.959844497023422,56.0
18.693003914185933,418.9285714285714,4.660714285714286,5.892857142857142,126.4367816091954,15.065781029205771,54.0
18.8077610965286,431.5178571428571,4.767857142857142,6.160714285714286,129.21348314606743,15.329727584762724,56.0
18.39757255145481,414.75,4.660714285714286,5.946428571428571,127.58620689655172,15.39838628620238,54.0
18.69300385032381,418.7678571428571,4.660714285714286,6.053571428571428,129.88505747126436,15.06000142071441,54.0
17.79148099039282,389.46428571428567,4.714285714285714,5.625,119.3181818181818,15.4615596663445,52.0
18.264432485614503,401.0357142857143,4.607142857142857,5.785714285714286,125.5813953488372,15.107080725338058,52.0
18.295813928757397,410.3303571428571,4.660714285714286,5.892857142857142,126.4367816091954,15.404231711262597,54.0
18.15728959015437,410.3035714285714,4.607142857142857,6.0,130.2325581395349,15.639149127595092,54.0
18.42895394350801,416.7053571428571,4.660714285714286,6.107142857142857,131.0344827586207,15.418338582404632,56.0
18.42895390519074,414.40178571428567,4.660714285714286,6.107142857142857,131.0344827586207,15.333105174539394,56.0
18.33480971625873,421.6071428571428,4.553571428571428,6.107142857142857,134.11764705882354,15.760319226516346,54.0
18.272046849131584,411.375,4.660714285714286,5.946428571428571,127.58620689655172,15.483650477528116,54.0
18.201669631259783,402.2678571428571,4.553571428571428,5.8392857142857135,128.23529411764707,15.258180253298928,52.0
18.327195320810592,409.125,4.607142857142857,5.946428571428571,129.06976744186048,15.306428447826413,54.0
18.598859629460744,416.1160714285714,4.607142857142857,6.0,130.2325581395349,15.116516424152715,54.0
18.30342824118478,406.90178571428567,4.607142857142857,6.0,130.2325581395349,15.262812813346056,52.0
17.88785548721041,406.2321428571428,4.767857142857142,5.785714285714286,121.34831460674158,15.953926703446298,54.0
18.076143948095183,392.7321428571428,4.607142857142857,5.732142857142857,124.4186046511628,15.104095709858068,50.0
19.027431109121867,433.25892857142856,4.607142857142857,6.267857142857142,136.04651162790697,15.038241988037928,56.0
17.710335367492267,396.21428571428567,4.660714285714286,5.732142857142857,122.98850574712642,15.874001750507071,54.0
18.16490400476115,415.1785714285714,4.660714285714286,6.107142857142857,131.0344827586207,15.811700519597336,54.0
18.295813871281485,402.1875,4.446428571428571,5.892857142857142,132.53012048192772,15.098540413722931,52.0
18.536096755947383,412.7946428571428,4.660714285714286,5.946428571428571,127.58620689655172,15.097580051047895,54.0
18.327195276107105,401.94642857142856,4.553571428571428,5.892857142857142,129.41176470588235,15.037859526554223,52.0
18.504715408597672,403.2857142857143,4.392857142857142,6.0,136.58536585365854,14.799869350360751,50.0
18.56747817993164,411.1607142857143,4.553571428571428,6.0,131.76470588235296,14.987031891234626,54.0
18.3478082886764,414.02678571428567,4.821428571428571,5.892857142857142,122.2222222222222,15.455032251444925,54.0
18.052376938717703,399.3482142857143,4.821428571428571,5.625,116.66666666666669,15.399010834668154,54.0
19.90518693413053,476.6785714285714,4.928571428571428,6.428571428571428,130.43478260869566,15.118300457381991,64.0
19.633522619094165,466.0982142857143,4.982142857142857,6.375,127.95698924731184,15.194655181077604,62.0
19.413852663976805,463.125,4.875,6.321428571428571,129.67032967032966,15.441327375611896,60.0
19.204951152205467,444.5625,4.875,6.160714285714286,126.37362637362637,15.146639056078024,60.0
19.87380551653249,465.5625,4.767857142857142,6.535714285714286,137.07865168539325,14.812412045650484,62.0
18.7449983635119,428.625,4.767857142857142,6.2142857142857135,130.3370786516854,15.329096156021416,58.0
18.888906764132635,434.25,4.714285714285714,6.321428571428571,134.0909090909091,15.294526816537688,58.0
18.83914255883012,443.8125,4.767857142857142,6.428571428571428,134.8314606741573,15.714013756225102,60.0
19.36185823380947,456.375,4.767857142857142,6.535714285714286,137.07865168539325,15.298105025078929,60.0
19.664903991988723,471.4821428571428,4.928571428571428,6.375,129.34782608695653,15.321153081345123,64.0
19.811042623860494,468.1875,4.875,6.482142857142857,132.96703296703296,14.990461857008636,62.0
19.96794974378177,481.0178571428571,4.875,6.535714285714286,134.06593406593404,15.160171468404968,64.0
18.933286920189857,441.4285714285714,4.714285714285714,6.375,135.22727272727272,15.474558627106036,60.0
19.57075975196702,453.2946428571428,4.767857142857142,6.321428571428571,132.58426966292137,14.872195277598903,58.0
19.173569721835,448.5,4.660714285714286,6.428571428571428,137.9310344827586,15.330854337072964,60.0
19.602141163178853,453.75,4.767857142857142,6.428571428571428,134.8314606741573,14.839507145527676,60.0
19.027431064418383,442.90178571428567,4.714285714285714,6.375,135.22727272727272,15.37294172739472,60.0
18.77637972363404,434.3303571428571,4.821428571428571,6.160714285714286,127.7777777777778,15.481260904578646,58.0
19.445234107119692,455.1696428571428,4.928571428571428,6.2142857142857135,126.08695652173914,15.12713912856584,62.0
19.01666265300342,445.0982142857143,4.875,6.107142857142857,125.27472527472528,15.466680390556988,62.0
19.299095430544444,445.9285714285714,4.767857142857142,6.267857142857142,131.46067415730337,15.045313999592038,60.0
19.69628541597298,464.9732142857143,4.821428571428571,6.535714285714286,135.55555555555557,15.061531740722552,62.0
20.176851255553107,479.38392857142856,4.821428571428571,6.642857142857142,137.77777777777777,14.797438695961896,62.0
18.661622394408496,429.9375,4.660714285714286,6.160714285714286,132.183908045977,15.513735966866902,58.0
19.11080687386649,447.2678571428571,4.821428571428571,6.321428571428571,131.11111111111111,15.38932265985056,60.0
19.26771405126367,447.9910714285714,4.767857142857142,6.428571428571428,134.8314606741573,15.164176746164902,60.0
19.602141201496124,454.33928571428567,4.767857142857142,6.321428571428571,132.58426966292137,14.85877917463928,60.0
19.14218828507832,454.9553571428571,4.714285714285714,6.535714285714286,138.63636363636363,15.602546295869832,60.0
19.570759700877325,460.3660714285714,4.714285714285714,6.5892857142857135,139.77272727272725,15.104202657367482,60.0
19.81104266217777,463.90178571428567,4.821428571428571,6.375,132.22222222222223,14.85324148390938,62.0
19.35108977130481,460.07142857142856,4.875,6.321428571428571,129.67032967032966,15.43918148034052,62.0
19.57075977112565,453.40178571428567,4.821428571428571,6.321428571428571,131.11111111111111,14.875710510608982,62.0
19.20495113943304,448.90178571428567,4.767857142857142,6.267857142857142,131.46067415730337,15.294482393110323,60.0
19.40085405962808,457.15178571428567,4.767857142857142,6.535714285714286,137.07865168539325,15.26260227037721,60.0
19.602141195109912,458.4107142857143,4.875,6.375,130.76923076923077,14.991931786373646,62.0
19.87380555484976,465.7232142857143,4.821428571428571,6.428571428571428,133.33333333333331,14.817525300306237,62.0
19.11080687386649,449.4107142857143,4.821428571428571,6.375,132.22222222222223,15.463052795961952,60.0
19.93656833256994,474.5625,4.875,6.482142857142857,132.96703296703296,15.00384158287942,62.0
19.93656834534236,473.00892857142856,4.875,6.535714285714286,134.06593406593404,14.954723608544452,62.0
19.53937827050686,454.82142857142856,4.875,6.321428571428571,129.67032967032966,14.970258536380433,62.0
19.63352254884584,465.5625,4.982142857142857,6.321428571428571,126.88172043010752,15.17719117247205,64.0
19.936568313411303,473.8125,4.875,6.5892857142857135,135.16483516483515,14.980129495380018,64.0
20.176851274711744,480.1875,4.821428571428571,6.642857142857142,137.77777777777777,14.82224300154972,62.0
19.47661557580744,456.69642857142856,4.875,6.267857142857142,128.57142857142856,15.129009468752503,62.0
18.83914261630603,438.8303571428571,4.821428571428571,6.160714285714286,127.7777777777778,15.537611551535024,60.0
18.909519808632982,440.8660714285714,4.767857142857142,6.2142857142857135,130.3370786516854,15.493714192729303,58.0
19.01666268493448,435.5625,4.767857142857142,6.267857142857142,131.46067415730337,15.13532460650194,58.0
18.826144011957304,430.71428571428567,4.714285714285714,6.321428571428571,134.0909090909091,15.271313312979917,58.0
18.82837414102895,431.00892857142856,4.767857142857142,6.160714285714286,129.21348314606743,15.278140221424929,58.0
18.669236911194663,422.2232142857143,4.607142857142857,6.321428571428571,137.2093023255814,15.22295059189462,56.0
19.330476835370064,437.5982142857143,4.553571428571428,6.535714285714286,143.5294117647059,14.716355513292031,56.0
19.003664086971963,435.2678571428571,4.714285714285714,6.428571428571428,136.36363636363637,15.145784426929904,58.0
18.575092652014323,434.7321428571428,4.821428571428571,6.2142857142857135,128.88888888888889,15.833234300970885,58.0
19.11080687386649,439.2321428571428,4.875,6.107142857142857,125.27472527472528,15.112834649432836,58.0
18.65623826214245,433.0178571428571,4.714285714285714,6.375,135.22727272727272,15.633906539952024,58.0
18.27204684274537,421.5535714285714,4.714285714285714,6.107142857142857,129.54545454545453,15.866759433889476,56.0
18.61947263564382,428.1428571428571,4.821428571428571,6.053571428571428,125.55555555555556,15.519002911080756,58.0
18.7006182713168,423.32142857142856,4.714285714285714,6.160714285714286,130.68181818181816,15.211364971659178,56.0
18.61724243632385,424.15178571428567,4.607142857142857,6.2142857142857135,134.88372093023256,15.378021201315946,56.0
18.491716810635157,420.6696428571428,4.714285714285714,6.053571428571428,128.4090909090909,15.459540063330827,58.0
18.233050997768125,409.9553571428571,4.607142857142857,5.946428571428571,129.06976744186048,15.496290049147936,54.0
18.839142507740423,424.4732142857143,4.660714285714286,6.160714285714286,132.183908045977,15.029270163892154,56.0
18.985281222632956,437.57142857142856,4.821428571428571,6.267857142857142,130.0,15.255440474024391,58.0
19.079425552061625,442.15178571428567,4.714285714285714,6.375,135.22727272727272,15.26337793627343,58.0
18.76338112567152,431.83928571428567,4.714285714285714,6.321428571428571,134.0909090909091,15.413803303109184,58.0
18.30342827950205,419.4375,4.660714285714286,6.160714285714286,132.183908045977,15.73302513616722,56.0
18.755766711064748,424.71428571428567,4.660714285714286,6.107142857142857,131.0344827586207,15.171799290608272,56.0
18.303428253957204,414.88392857142856,4.714285714285714,6.053571428571428,128.4090909090909,15.56222153485496,56.0
18.73199963143893,431.7053571428571,4.714285714285714,6.267857142857142,132.95454545454544,15.460695289156517,58.0
18.669236847332545,425.27678571428567,4.714285714285714,6.267857142857142,132.95454545454544,15.333044991502142,56.0
18.96466829308441,427.6875,4.660714285714286,6.267857142857142,134.48275862068965,14.94327949503605,56.0
18.74499829326357,430.875,4.714285714285714,6.2142857142857135,131.81818181818178,15.409563967875547,58.0
18.58586094209126,425.83928571428567,4.660714285714286,6.2142857142857135,133.33333333333331,15.49138408649548,56.0
18.731999695301056,429.8303571428571,4.714285714285714,6.267857142857142,132.95454545454544,15.393545673105328,56.0
18.93328680523804,422.57142857142856,4.5,6.2142857142857135,138.09523809523807,14.813509700583282,56.0
18.264432415366173,401.3571428571428,4.607142857142857,5.946428571428571,129.06976744186048,15.11918910831843,52.0
18.18867098859378,408.0803571428571,4.714285714285714,5.892857142857142,124.99999999999996,15.50078242275631,54.0
18.33480976096221,415.82142857142856,4.714285714285714,6.0,127.27272727272728,15.544040309998485,54.0
18.379189687115808,414.0,4.821428571428571,5.892857142857142,122.2222222222222,15.401303708171389,56.0
18.334809594920703,410.83928571428567,4.553571428571428,6.053571428571428,132.94117647058823,15.357800476227666,56.0
18.44195255424295,414.0535714285714,4.607142857142857,6.107142857142857,132.55813953488374,15.298632008386605,54.0
18.201669682349475,399.1607142857143,4.553571428571428,5.8392857142857135,128.23529411764707,15.140325000547591,52.0
18.637855474437984,420.58928571428567,4.714285714285714,6.107142857142857,129.54545454545453,15.215148298031377,56.0
18.30342827311584,406.6875,4.714285714285714,5.892857142857142,124.99999999999996,15.254774941510783,54.0
18.34780827590397,412.63392857142856,4.821428571428571,5.8392857142857135,121.1111111111111,15.403038892733653,54.0
17.861858252968105,405.0535714285714,4.714285714285714,6.0,127.27272727272728,15.953980342478228,54.0
18.303428285888263,410.0625,4.714285714285714,6.0,127.27272727272728,15.38137056271219,54.0
18.410571149417333,405.2946428571428,4.607142857142857,5.892857142857142,127.90697674418604,15.026097542836531,54.0
18.201669631259783,399.21428571428567,4.660714285714286,5.8392857142857135,125.28735632183908,15.142357071192386,52.0
18.03176398362432,404.625,4.660714285714286,5.892857142857142,126.4367816091954,15.638177845633288,54.0
18.17028820727553,401.9196428571428,4.607142857142857,6.0,130.2325581395349,15.297676195739868,52.0
18.47333401654448,408.6696428571428,4.607142857142857,5.946428571428571,129.06976744186048,15.048446781091078,52.0
18.473333971840997,406.4196428571428,4.553571428571428,5.946428571428571,130.58823529411765,14.96559507862381,54.0
18.031763906989777,400.1785714285714,4.714285714285714,5.8392857142857135,123.86363636363636,15.466329868902536,54.0
18.50471538943904,408.9107142857143,4.5,6.0,133.33333333333331,15.006296889641671,52.0
18.441952573401583,406.2857142857143,4.553571428571428,5.946428571428571,130.58823529411765,15.011621802372431,52.0
18.36619108915329,412.4196428571428,4.714285714285714,6.053571428571428,128.4090909090909,15.364237387964808,54.0
18.5360967623336,410.8125,4.607142857142857,6.107142857142857,132.55813953488374,15.0250850096275,54.0
18.146521223442893,407.6785714285714,4.714285714285714,5.8392857142857135,123.86363636363636,15.55754215895502,54.0
18.12813838464873,416.08928571428567,4.767857142857142,5.946428571428571,124.71910112359552,15.910725432287952,56.0
18.66162249658789,415.6875,4.607142857142857,6.107142857142857,132.55813953488374,14.99954307104418,54.0
17.843475452491216,401.25,4.714285714285714,5.8392857142857135,123.86363636363636,15.83674828600448,54.0
18.201669631259783,400.9285714285714,4.607142857142857,5.8392857142857135,126.74418604651164,15.20738061202413,54.0
17.906238191894122,394.6071428571428,4.607142857142857,5.8392857142857135,126.74418604651164,15.465575723511746,52.0
18.441952509539465,404.8928571428571,4.607142857142857,6.0,130.2325581395349,14.960158012672832,52.0
19.29909538584096,448.3928571428571,4.767857142857142,6.482142857142857,135.95505617977528,15.128457323399598,60.0
19.842424143637928,468.8571428571428,4.875,6.428571428571428,131.86813186813183,14.964456333751777,64.0
20.14546979963779,480.375,4.875,6.535714285714286,134.06593406593404,14.87426319805275,64.0
19.173569734607423,448.82142857142856,4.767857142857142,6.428571428571428,134.8314606741573,15.34184155098839,60.0
19.47661552471774,453.69642857142856,4.928571428571428,6.2142857142857135,126.08695652173914,15.029628371032915,62.0
19.06642692216805,443.25,4.821428571428571,6.321428571428571,131.11111111111111,15.322159603610746,58.0
19.829425513744354,475.4732142857143,4.821428571428571,6.642857142857142,137.77777777777777,15.195523115407898,64.0
18.303428292274475,410.8125,4.660714285714286,6.0,128.73563218390805,15.409502916957296,54.0
18.901905336550303,415.15178571428567,4.446428571428571,6.267857142857142,140.96385542168676,14.601773473939089,54.0
18.669236943125725,422.0625,4.607142857142857,6.2142857142857135,134.88372093023256,15.21715610327752,54.0
17.571811086365155,377.2232142857143,4.446428571428571,5.625,126.50602409638554,15.35236277802086,48.0
18.30342832420553,410.00892857142856,4.660714285714286,6.107142857142857,131.0344827586207,15.37936104367769,54.0
18.870523931724684,418.2321428571428,4.553571428571428,6.267857142857142,137.64705882352942,14.759082299047057,54.0
18.56747817993164,414.6428571428571,4.392857142857142,6.321428571428571,143.90243902439025,15.11395789422228,52.0
18.74499835073948,410.83928571428567,4.392857142857142,6.160714285714286,140.2439024390244,14.693018195317103,50.0
18.598859629460744,416.8660714285714,4.607142857142857,6.053571428571428,131.3953488372093,15.143762157006034,54.0
18.47333399099963,409.0982142857143,4.446428571428571,6.2142857142857135,139.7590361445783,15.06422811320925,52.0
18.504715383052822,406.07142857142856,4.5,6.107142857142857,135.7142857142857,14.902100157473532,50.0
18.094526761344497,407.0357142857143,4.714285714285714,5.946428571428571,126.13636363636364,15.62240608553951,54.0
17.331528188926832,377.1160714285714,4.339285714285714,5.8392857142857135,134.56790123456787,15.776519162901868,46.0
18.90190537486757,424.6875,4.553571428571428,6.2142857142857135,136.47058823529412,14.937164816483776,54.0
18.901905406798637,424.4196428571428,4.607142857142857,6.2142857142857135,134.88372093023256,14.927743659258198,54.0
18.536096717630112,411.4553571428571,4.5,6.053571428571428,134.52380952380952,15.048596984164424,54.0
18.06314537567752,400.3125,4.607142857142857,5.892857142857142,127.90697674418604,15.417794791978602,52.0
18.567478205476487,410.625,4.607142857142857,6.053571428571428,131.3953488372093,14.967504772667793,54.0
18.83914258437497,420.9910714285714,4.607142857142857,6.2142857142857135,134.88372093023256,14.905978244722965,54.0
18.441952598946436,417.8035714285714,4.660714285714286,6.107142857142857,131.0344827586207,15.43718856966881,54.0
18.76338112567152,426.0535714285714,4.607142857142857,6.375,138.3720930232558,15.20729161017583,54.0
18.598859635846956,413.3303571428571,4.660714285714286,6.0,128.73563218390805,15.01531797752891,54.0
17.930005226816448,395.1160714285714,4.446428571428571,5.946428571428571,133.73493975903614,15.444495509564028,52.0
18.870523970041955,420.8571428571428,4.553571428571428,6.267857142857142,137.64705882352942,14.851716417374565,54.0
18.567478269338608,410.7321428571428,4.660714285714286,6.0,128.73563218390805,14.971410085146422,54.0
18.177902628268512,414.1875,4.714285714285714,6.053571428571428,128.4090909090909,15.75140529850955,54.0
18.157289660402707,407.8928571428571,4.607142857142857,6.0,130.2325581395349,15.54726211465261,54.0
18.20166962487357,410.5178571428571,4.660714285714286,5.946428571428571,127.58620689655172,15.57110605447821,54.0
18.170288303068705,409.3660714285714,4.553571428571428,6.0,131.76470588235296,15.581098489462136,54.0
18.77637969808919,428.5446428571428,4.607142857142857,6.321428571428571,137.2093023255814,15.275035083952684,56.0
18.441952503153257,417.8571428571428,4.607142857142857,6.053571428571428,131.3953488372093,15.439168110566822,54.0
18.44195256062916,427.44642857142856,4.767857142857142,6.2142857142857135,130.3370786516854,15.793477126455649,58.0
19.96794980125768,480.6428571428571,5.035714285714286,6.482142857142857,128.72340425531914,15.148352559472563,66.0
19.19195255424295,451.2321428571428,4.767857142857142,6.428571428571428,134.8314606741573,15.3947120407418,62.0
20.2709954317127,486.69642857142856,4.982142857142857,6.5892857142857135,132.25806451612902,14.883938670505488,64.0
19.463616926755225,455.4375,4.767857142857142,6.482142857142857,135.95505617977528,15.107463512461834,60.0
18.896521217056684,447.8571428571428,4.767857142857142,6.482142857142857,135.95505617977528,15.761068272367602,60.0
20.208232653992518,488.625,4.982142857142857,6.5892857142857135,132.25806451612902,15.035881041159366,66.0
19.68551695985453,463.3125,4.767857142857142,6.5892857142857135,138.20224719101125,15.02416114216309,62.0
19.476615505559103,452.1428571428571,4.928571428571428,6.321428571428571,128.2608695652174,14.9781631480784,60.0
19.685517042875293,455.0625,4.875,6.321428571428571,129.67032967032966,14.75663245021036,60.0
19.338091230818204,452.1696428571428,4.821428571428571,6.428571428571428,133.33333333333331,15.19441753486448,60.0
19.766662601913723,467.8660714285714,4.821428571428571,6.642857142857142,137.77777777777777,15.04751266899662,62.0
19.873805452670364,471.4553571428571,4.982142857142857,6.428571428571428,129.03225806451613,14.999900241127476,64.0
19.173569772924694,448.1785714285714,4.928571428571428,6.2142857142857135,126.08695652173914,15.31986702107536,62.0
19.476615486400465,462.4285714285714,4.821428571428571,6.428571428571428,133.33333333333331,15.31889864319598,62.0
19.44523406241621,448.25892857142856,4.875,6.2142857142857135,127.47252747252746,14.8974680445193,60.0
19.09780827590397,441.3482142857143,4.714285714285714,6.321428571428571,134.0909090909091,15.206321892564205,60.0
19.048044051442822,452.94642857142856,4.821428571428571,6.428571428571428,133.33333333333331,15.687579154150386,60.0
19.194182785493982,462.8303571428571,5.089285714285714,6.321428571428571,124.21052631578948,15.786739701324196,62.0
19.41385265120438,458.25,4.821428571428571,6.375,132.22222222222223,15.278787107551471,62.0
19.20495116497789,448.63392857142856,4.767857142857142,6.428571428571428,134.8314606741573,15.285356221775729,60.0
19.873805503760064,470.9196428571428,4.928571428571428,6.482142857142857,131.52173913043478,14.98285579134163,64.0
19.110806899411337,455.83928571428567,4.875,6.428571428571428,131.86813186813183,15.684243162366812,62.0
20.208232660378727,485.5178571428571,4.982142857142857,6.5892857142857135,132.25806451612902,14.940268587863065,66.0
19.413852657590592,459.4285714285714,4.821428571428571,6.428571428571428,133.33333333333331,15.318082551806857,60.0
18.606474037681306,439.5803571428571,4.875,6.160714285714286,126.37362637362637,15.955851252138508,60.0
19.811042668563974,462.2410714285714,4.928571428571428,6.375,129.34782608695653,14.800068602261677,62.0
19.570759707263537,469.15178571428567,4.875,6.428571428571428,131.86813186813183,15.392454143895888,64.0
18.61947267396109,439.82142857142856,4.821428571428571,6.2142857142857135,128.88888888888889,15.942318990937332,60.0
19.173569709062576,452.7857142857143,4.821428571428571,6.321428571428571,131.11111111111111,15.477350815763808,60.0
19.38247120806149,455.8125,4.821428571428571,6.428571428571428,133.33333333333331,15.246768278240044,60.0
18.36619118494647,415.15178571428567,4.714285714285714,6.107142857142857,129.54545454545453,15.466020185232026,56.0
18.700618252158165,423.69642857142856,4.767857142857142,6.107142857142857,128.08988764044943,15.2248400161173,58.0
18.933286786079407,428.46428571428567,4.607142857142857,6.267857142857142,136.04651162790697,15.020087579239638,56.0
18.79476259435926,428.5982142857143,4.714285714285714,6.267857142857142,132.95454545454544,15.24707486275091,56.0
18.94090118791376,435.8035714285714,4.821428571428571,6.2142857142857135,128.88888888888889,15.265090105257524,56.0
18.972282682146343,440.3303571428571,4.821428571428571,6.2142857142857135,128.88888888888889,15.372670470695576,58.0
18.606474037681306,421.52678571428567,4.714285714285714,6.2142857142857135,131.81818181818178,15.300544217592083,56.0
18.397572538682397,413.3035714285714,4.714285714285714,6.0,127.27272727272728,15.344684882847062,56.0
18.68761969889913,437.0625,4.660714285714286,6.375,136.7816091954023,15.726983629451547,58.0
18.79476259435926,431.8125,4.714285714285714,6.2142857142857135,131.81818181818178,15.361420777601865,56.0
18.68223548361233,440.46428571428567,4.821428571428571,6.267857142857142,130.0,15.858528256037394,58.0
18.763381151216368,438.0535714285714,4.875,6.053571428571428,124.17582417582416,15.635612115908776,58.0
18.543711228030062,433.3660714285714,4.821428571428571,6.160714285714286,127.7777777777778,15.836946873346808,58.0
18.428953994597705,426.50892857142856,4.660714285714286,6.2142857142857135,133.33333333333331,15.781076292756897,58.0
18.888906783291272,434.7321428571428,4.660714285714286,6.375,136.7816091954023,15.311508125392113,58.0
18.87813836549009,444.1607142857143,4.767857142857142,6.321428571428571,132.58426966292137,15.66143949874719,58.0
18.79476252411093,431.65178571428567,4.714285714285714,6.321428571428571,134.0909090909091,15.355703596647944,58.0
18.826143954481395,436.44642857142856,4.821428571428571,6.107142857142857,126.66666666666666,15.474551034891004,58.0
19.066426909395627,444.4821428571428,4.767857142857142,6.321428571428571,132.58426966292137,15.364752042722024,58.0
18.7763797555651,432.9910714285714,4.821428571428571,6.160714285714286,127.7777777777778,15.433523383987003,54.0
19.00366404865469,439.875,4.767857142857142,6.321428571428571,132.58426966292137,15.306096791510916,58.0
18.88890677690506,438.1607142857143,4.714285714285714,6.321428571428571,134.0909090909091,15.432264330531464,58.0
18.76338112567152,425.6785714285714,4.660714285714286,6.2142857142857135,133.33333333333331,15.19390659304126,56.0
19.129189744591717,444.0535714285714,4.821428571428571,6.321428571428571,131.11111111111111,15.249376299576989,58.0
18.36619108915329,422.5446428571428,4.714285714285714,6.160714285714286,130.68181818181816,15.741433058072667,56.0
18.661622426339555,419.00892857142856,4.660714285714286,6.053571428571428,129.88505747126436,15.11939261723361,56.0
19.6335225296872,443.5982142857143,4.553571428571428,6.642857142857142,145.8823529411765,14.461162389842327,56.0
18.669236809015278,437.00892857142856,4.767857142857142,6.375,133.70786516853934,15.756038928212057,60.0
18.598859629460744,411.8303571428571,4.660714285714286,6.053571428571428,129.88505747126436,14.960826522133765,56.0
19.967949788485253,483.75,4.982142857142857,6.482142857142857,130.10752688172042,15.246279958429696,66.0
20.226615486400465,501.58928571428567,5.035714285714286,6.75,134.04255319148936,15.40677279920355,70.0
19.04804410891873,457.2857142857143,4.821428571428571,6.482142857142857,134.44444444444443,15.837868107830612,62.0
18.731999695301056,438.02678571428567,4.767857142857142,6.375,133.70786516853934,15.687084962441045,60.0
19.173569772924694,446.57142857142856,4.928571428571428,6.160714285714286,125.00000000000004,15.264930849591703,60.0
20.145469812410216,476.3035714285714,4.982142857142857,6.5892857142857135,132.25806451612902,14.748196043960649,62.0
19.110806886638912,448.5,4.875,6.160714285714286,126.37362637362637,15.431717467487498,60.0
19.445234049643787,463.63392857142856,4.875,6.428571428571428,131.86813186813183,15.40844187160627,62.0
19.53937833436898,450.4285714285714,4.875,6.321428571428571,129.67032967032966,14.825669369977035,60.0
19.413852670363017,462.96428571428567,4.982142857142857,6.321428571428571,126.88172043010752,15.435968894418146,64.0
19.28609683896814,451.3125,4.714285714285714,6.535714285714286,138.63636363636363,15.247496423396804,60.0
19.19195254785674,454.44642857142856,4.821428571428571,6.375,132.22222222222223,15.50437401502122,60.0
19.73528125456401,472.125,4.928571428571428,6.642857142857142,134.7826086956522,15.23281689584094,64.0
19.716898358293943,472.33928571428567,4.875,6.5892857142857135,135.16483516483515,15.268161225168072,64.0
19.28832696165357,452.1428571428571,4.928571428571428,6.267857142857142,127.17391304347828,15.272017738165276,62.0
19.079425488199504,443.7053571428571,4.821428571428571,6.267857142857142,130.0,15.317008372626947,60.0
19.14218829146453,448.25892857142856,4.821428571428571,6.267857142857142,130.0,15.372894441398865,60.0
19.905186966061592,490.3928571428571,4.982142857142857,6.535714285714286,131.18279569892474,15.553261625406448,66.0
19.20495113304683,447.2946428571428,4.714285714285714,6.375,135.22727272727272,15.23972561921398,60.0
19.58152817615441,454.4196428571428,4.660714285714286,6.482142857142857,139.08045977011494,14.8927121794686,60.0
19.63352265741144,466.3125,4.928571428571428,6.375,129.34782608695653,15.20164076862696,64.0
19.39323968333857,449.00892857142856,4.714285714285714,6.267857142857142,132.95454545454544,15.0025164318722,60.0
19.696285435131617,465.1875,4.821428571428571,6.321428571428571,131.11111111111111,15.068472909284042,62.0
19.38247125915118,461.00892857142856,4.821428571428571,6.267857142857142,130.0,15.420586910349677,62.0
19.602141169565066,458.5178571428571,4.821428571428571,6.267857142857142,130.0,14.995435841300232,62.0
20.09347543333258,487.9285714285714,4.821428571428571,6.696428571428571,138.88888888888889,15.186440509270517,66.0
19.539378359913822,460.3928571428571,4.821428571428571,6.321428571428571,131.11111111111111,15.153639656569752,62.0
19.779661250965933,466.125,4.875,6.428571428571428,131.86813186813183,14.971818765067692,64.0
19.254715421370097,449.0357142857143,4.660714285714286,6.535714285714286,140.22988505747128,15.220066139744564,60.0
19.33047680982521,455.2232142857143,4.714285714285714,6.428571428571428,136.36363636363637,15.309081386387613,62.0
18.8911369570664,439.0446428571428,4.821428571428571,6.107142857142857,126.66666666666666,15.459745961197148,58.0
19.21571962748255,443.9196428571428,4.607142857142857,6.267857142857142,136.04651162790697,15.107789309927352,58.0
18.61947268673352,436.5535714285714,4.767857142857142,6.107142857142857,128.08988764044943,15.823868121670388,58.0
18.063145433153423,416.2232142857143,4.767857142857142,6.0,125.8426966292135,16.030586266170214,56.0
19.079425545675413,442.63392857142856,4.767857142857142,6.160714285714286,129.21348314606743,15.28002184320398,60.0
19.351089809622085,454.5535714285714,4.821428571428571,6.321428571428571,131.11111111111111,15.2540119168485,60.0
18.93328679246562,425.94642857142856,4.607142857142857,6.107142857142857,132.55813953488374,14.931822488368375,56.0
18.661622483815464,431.2232142857143,4.714285714285714,6.160714285714286,130.68181818181816,15.560129146935076,58.0
18.901905381253787,438.9910714285714,4.714285714285714,6.267857142857142,132.95454545454544,15.44025190866808,58.0
18.233051048857824,411.6696428571428,4.714285714285714,5.892857142857142,124.99999999999996,15.56108986806103,54.0
18.807761179549352,432.21428571428567,4.660714285714286,6.160714285714286,132.183908045977,15.354468164118328,58.0
18.901905355708937,427.4196428571428,4.607142857142857,6.107142857142857,132.55813953488374,15.033260136222708,56.0
18.755766774926865,428.3035714285714,4.607142857142857,6.107142857142857,132.55813953488374,15.300016965487703,56.0
18.36619106999465,416.2232142857143,4.714285714285714,5.946428571428571,126.13636363636364,15.50593526464098,56.0
18.327195320810592,417.2678571428571,4.607142857142857,6.0,130.2325581395349,15.611073874573774,56.0
18.669236917580875,437.8125,4.714285714285714,6.428571428571428,136.36363636363637,15.785010927760563,60.0
18.90190534293652,435.77678571428567,4.5,6.375,141.66666666666669,15.327198689398877,56.0
18.901905432343483,437.9196428571428,4.714285714285714,6.267857142857142,132.95454545454544,15.402567398268411,58.0
18.787148135049,429.0803571428571,4.660714285714286,6.160714285714286,132.183908045977,15.276602485403092,56.0
18.523098183529715,425.4107142857143,4.714285714285714,6.107142857142857,129.54545454545453,15.580845827600784,58.0
19.361858176333563,448.44642857142856,4.607142857142857,6.428571428571428,139.53488372093022,15.032332189838428,58.0
19.33809119250093,452.5982142857143,4.767857142857142,6.321428571428571,132.58426966292137,15.20881903347168,56.0
18.460335341947417,422.1428571428571,4.660714285714286,6.053571428571428,129.88505747126436,15.566469939324788,56.0
18.83914255883012,431.9732142857143,4.714285714285714,6.2142857142857135,131.81818181818178,15.294821645641992,58.0
18.724385293466703,429.9910714285714,4.714285714285714,6.107142857142857,129.54545454545453,15.411828358551906,58.0
18.888906796063694,436.3928571428571,4.714285714285714,6.321428571428571,134.0909090909091,15.36999938641602,58.0
18.693003926958355,421.2321428571428,4.660714285714286,6.107142857142857,131.0344827586207,15.148623538460477,54.0
19.090193950704165,436.2053571428571,4.607142857142857,6.375,138.3720930232558,15.041120048636351,58.0
19.09780826313155,447.77678571428567,4.767857142857142,6.2142857142857135,130.3370786516854,15.427813522972263,60.0
18.96466824838093,433.7410714285714,4.607142857142857,6.321428571428571,137.2093023255814,15.154789628852765,56.0
19.779661250965933,478.5535714285714,4.947368421052631,6.368421052631579,128.72340425531917,15.371021380111449,69.0
19.93656830063888,477.3482142857143,5.052631578947368,6.2105263157894735,122.91666666666669,15.091915206016504,68.0
19.3694726228714,468.5357142857143,4.947368421052631,6.157894736842105,124.468085106383,15.693397394222355,66.0
19.578374153801374,476.0625,5.0,6.2105263157894735,124.21052631578948,15.607041645262669,68.0
20.1454698571137,484.875,5.052631578947368,6.263157894736842,123.95833333333331,15.01360047255294,69.0
19.654135593346187,470.94642857142856,4.894736842105263,6.2105263157894735,126.88172043010752,15.320518936521182,65.0
19.57075971364975,474.50892857142856,4.894736842105263,6.263157894736842,127.95698924731182,15.568217241287972,66.0
19.476615480014257,463.2857142857143,5.052631578947368,5.894736842105263,116.66666666666669,15.347293275397991,65.0
19.41385267674923,462.96428571428567,5.052631578947368,5.947368421052631,117.70833333333331,15.43596888426278,66.0
19.212565554039816,464.9196428571428,4.947368421052631,6.263157894736842,126.59574468085108,15.827671749981016,66.0
19.36947263564382,470.4107142857143,5.105263157894736,6.105263157894736,119.58762886597938,15.756199672642149,69.0
19.79804398758071,485.6785714285714,4.947368421052631,6.473684210526315,130.85106382978725,15.570918687121177,69.0
19.74827981420925,478.7946428571428,4.947368421052631,6.315789473684211,127.65957446808513,15.427679293478167,67.0
19.65413557418755,473.5178571428571,4.894736842105263,6.263157894736842,127.95698924731182,15.4041709866817,67.0
19.735281229019165,481.44642857142856,4.947368421052631,6.421052631578947,129.7872340425532,15.533566980292225,68.0
19.873805478215218,474.4553571428571,5.0,6.157894736842105,123.15789473684212,15.095348689737618,68.0
19.71689838383879,474.1607142857143,4.894736842105263,6.315789473684211,129.03225806451616,15.327038068934648,66.0
19.476615575807436,472.7678571428571,5.0,6.157894736842105,123.15789473684212,15.661408628943214,67.0
19.735281171543257,479.08928571428567,4.947368421052631,6.315789473684211,127.65957446808513,15.45751533480577,66.0
19.87380551653249,476.8660714285714,4.894736842105263,6.368421052631579,130.10752688172042,15.172048308423884,66.0
19.86080691856997,486.21428571428567,4.842105263157895,6.473684210526315,133.69565217391303,15.489728309458169,68.0
19.8424240733896,474.5357142857143,5.0,6.2105263157894735,124.21052631578948,15.145698713773523,67.0
19.87380551653249,485.5446428571428,4.947368421052631,6.368421052631579,128.72340425531917,15.448167145245169,68.0
20.11408847783293,489.4553571428571,5.0,6.368421052631579,127.36842105263158,15.202752943925963,69.0
19.988562698875157,490.52678571428567,5.0,6.421052631578947,128.42105263157896,15.42799387965421,69.0
19.609755533082144,472.875,4.947368421052631,6.263157894736842,126.59574468085108,15.452966363380774,65.0
19.413852663976805,462.9107142857143,5.0,6.157894736842105,123.15789473684212,15.434182747560715,66.0
20.302376983421187,499.15178571428567,5.052631578947368,6.368421052631579,126.04166666666669,15.217689473133026,66.0
19.99933114860739,490.8482142857143,4.894736842105263,6.578947368421052,134.40860215053763,15.421482891059997,69.0
19.967949865119795,478.9285714285714,5.105263157894736,6.2105263157894735,121.64948453608248,15.094323563913925,69.0
19.338091173342296,470.4910714285714,4.842105263157895,6.421052631578947,132.6086956521739,15.810079117728456,66.0
19.77966119349003,483.4285714285714,5.0,6.315789473684211,126.3157894736842,15.527605254700996,68.0
19.160571194120816,461.8125,4.894736842105263,6.263157894736842,127.95698924731182,15.807334540086588,67.0
19.46361681818962,465.50892857142856,4.842105263157895,6.315789473684211,130.43478260869566,15.44154627489531,66.0
19.262329695480208,468.96428571428567,4.842105263157895,6.421052631578947,132.6086956521739,15.882980766964788,66.0
19.47661542892456,469.3928571428571,4.947368421052631,6.368421052631579,128.72340425531917,15.54960503983782,67.0
19.557761083756173,470.6785714285714,4.894736842105263,6.421052631578947,131.18279569892474,15.463080529590762,65.0
19.36947259732655,470.19642857142856,4.947368421052631,6.2105263157894735,125.53191489361704,15.749022329339205,64.0
18.985281222632956,460.875,5.052631578947368,6.052631578947368,119.79166666666669,16.067893535508308,66.0
18.972282688532555,460.7946428571428,4.947368421052631,6.105263157894736,123.40425531914892,16.087112958777315,67.0
19.419236821787692,471.50892857142856,4.842105263157895,6.421052631578947,132.6086956521739,15.712144656846442,66.0
19.022046849131584,458.25,4.894736842105263,6.2105263157894735,126.88172043010752,15.914677550354458,66.0
19.38247120806149,473.9732142857143,4.894736842105263,6.526315789473684,133.33333333333334,15.854237802400984,68.0
20.08270696444171,478.0178571428571,5.0,6.263157894736842,125.26315789473684,14.893935956927244,68.0
19.23094836090292,466.90178571428567,4.947368421052631,6.315789473684211,127.65957446808513,15.864777864163486,67.0
19.432235438908847,474.4285714285714,4.789473684210526,6.526315789473684,136.2637362637363,15.788292809412964,67.0
19.654135618891036,477.21428571428567,5.0,6.263157894736842,125.26315789473684,15.524420695230576,68.0
19.63352256161826,478.3660714285714,5.052631578947368,6.157894736842105,121.875,15.59458355655718,68.0
19.14980278270585,465.88392857142856,4.947368421052631,6.157894736842105,124.468085106383,15.964634558035032,66.0
19.24394698441029,470.625,4.947368421052631,6.2105263157894735,125.53191489361704,15.969692507960822,67.0
19.672518483230046,479.6785714285714,5.0,6.263157894736842,125.26315789473684,15.575437618221356,68.0
19.578374153801374,483.0803571428571,4.947368421052631,6.473684210526315,130.85106382978725,15.83711225298555,68.0
19.31970840479646,460.5803571428571,5.0,6.105263157894736,122.10526315789473,15.50651279050083,66.0
19.936568383659637,487.7410714285714,4.894736842105263,6.578947368421052,134.40860215053763,15.42049726152366,70.0
19.999331129448752,485.2232142857143,5.0,6.263157894736842,125.26315789473684,15.244756513330737,68.0
19.35108981600829,464.625,4.947368421052631,6.157894736842105,124.468085106383,15.591991192399004,66.0
19.52637973640646,469.0446428571428,4.894736842105263,6.315789473684211,129.03225806451616,15.458970991339513,66.0
20.06970834732056,489.13392857142856,4.842105263157895,6.63157894736842,136.9565217391304,15.260035003248763,68.0
19.47661546724183,461.57142857142856,4.947368421052631,6.0,121.27659574468086,15.290504051140186,68.0
18.24066539960248,420.2410714285714,4.578947368421052,5.947368421052631,129.8850574712644,15.871830078268198,56.0
18.807761147618294,421.875,4.631578947368421,5.947368421052631,128.4090909090909,14.987163758429094,55.0
18.47333401654448,420.2410714285714,4.578947368421052,6.0,131.0344827586207,15.474541623421244,55.0
18.473333933523723,408.3482142857143,4.631578947368421,5.7368421052631575,123.86363636363636,15.036610948400227,54.0
18.713616843734467,417.1875,4.631578947368421,5.789473684210526,124.99999999999996,14.9701339057698,55.0
18.807761166776928,414.96428571428567,4.578947368421052,5.894736842105263,128.73563218390805,14.74165971254338,54.0
18.063145401222364,416.65178571428567,4.578947368421052,5.894736842105263,128.73563218390805,16.04709249320247,57.0
18.47333395268236,411.9910714285714,4.7368421052631575,5.7368421052631575,121.1111111111111,15.170751887020549,55.0
18.713616933141434,415.15178571428567,4.631578947368421,5.894736842105263,127.27272727272728,14.897085276949523,56.0
19.0480440386704,428.3571428571428,4.578947368421052,6.0,131.0344827586207,14.835941228244597,55.0
18.125908159783908,409.25892857142856,4.578947368421052,5.789473684210526,126.4367816091954,15.65339255528836,54.0
18.209284096956253,408.58928571428567,4.684210526315789,5.7368421052631575,122.47191011235954,15.484995899110254,55.0
18.61947269311973,421.33928571428567,4.526315789473684,6.052631578947368,133.72093023255815,15.272392034797546,56.0
18.83914253967149,420.13392857142856,4.578947368421052,5.947368421052631,129.8850574712644,14.875629565314696,55.0
18.95166963125978,432.69642857142856,4.421052631578947,6.473684210526315,146.42857142857142,15.139035955763822,56.0
18.34780832699367,421.3125,4.578947368421052,6.105263157894736,133.33333333333331,15.726997558881893,55.0
18.50471536389419,416.46428571428567,4.578947368421052,6.0,131.0344827586207,15.283499586290878,54.0
18.441952535084315,413.46428571428567,4.631578947368421,5.894736842105263,127.27272727272728,15.276858854451364,55.0
18.41057115580354,414.6160714285714,4.578947368421052,5.842105263157895,127.58620689655172,15.37168486578594,55.0
18.713616933141434,424.7946428571428,4.526315789473684,6.105263157894736,134.88372093023256,15.243104420100815,56.0
18.83914260353361,422.2232142857143,4.631578947368421,5.842105263157895,126.13636363636364,14.949604542449118,57.0
18.80776114123208,425.25,4.578947368421052,5.947368421052631,129.8850574712644,15.107061078755793,57.0
18.77637971086161,421.52678571428567,4.631578947368421,5.842105263157895,126.13636363636364,15.02489072999108,56.0
18.74499829326357,415.5,4.631578947368421,5.894736842105263,127.27272727272728,14.859701371980943,56.0
18.39757250675133,410.7321428571428,4.578947368421052,5.894736842105263,128.73563218390805,15.24921573625018,55.0
18.71361685012068,413.5446428571428,4.578947368421052,5.947368421052631,129.8850574712644,14.83941555142428,55.0
18.303428234798567,414.1875,4.631578947368421,5.789473684210526,124.99999999999996,15.536098656932449,56.0
19.236332525100025,439.5535714285714,4.631578947368421,6.157894736842105,132.95454545454547,14.92715785440957,60.0
19.09780825674534,437.4910714285714,4.526315789473684,6.315789473684211,139.53488372093022,15.073426956943791,56.0
18.316426839147294,411.4821428571428,4.578947368421052,5.842105263157895,127.58620689655172,15.412722019080356,56.0
18.10752541039671,410.27678571428567,4.578947368421052,5.947368421052631,129.8850574712644,15.724201546159383,55.0
18.379189693502017,414.96428571428567,4.578947368421052,5.947368421052631,129.8850574712644,15.437176299248238,55.0
18.807761109301023,420.32142857142856,4.684210526315789,5.894736842105263,125.84269662921348,14.931972994002123,56.0
18.441952528698103,417.96428571428567,4.578947368421052,5.894736842105263,128.73563218390805,15.443126828838755,56.0
18.80776113484587,418.9821428571428,4.578947368421052,5.842105263157895,127.58620689655172,14.884394655730256,55.0
18.637855506369046,415.7678571428571,4.578947368421052,6.0,131.0344827586207,15.04072927479393,55.0
18.42895397543907,411.50892857142856,4.631578947368421,5.947368421052631,128.4090909090909,15.226067675043168,55.0
18.65085407878671,421.2053571428571,4.526315789473684,6.0,132.55813953488374,15.216203284180883,55.0
18.013381093740463,400.1785714285714,4.578947368421052,5.63157894736842,122.98850574712642,15.497913026439669,55.0
18.410571072782787,418.5803571428571,4.526315789473684,5.894736842105263,130.23255813953486,15.518658929134702,55.0
18.93328679246562,426.9107142857143,4.526315789473684,6.105263157894736,134.88372093023256,14.965626136310853,56.0
18.93328679246562,425.625,4.526315789473684,6.0,132.55813953488374,14.920554605720886,55.0
18.201669586556296,397.5,4.578947368421052,5.684210526315789,124.13793103448276,15.077333604420811,55.0
19.0794254307236,429.8303571428571,4.631578947368421,6.105263157894736,131.81818181818178,14.838034098184083,56.0
18.724385255149432,417.9375,4.526315789473684,6.052631578947368,133.72093023255815,14.9798018353377,55.0
18.93328684355531,425.46428571428567,4.526315789473684,6.157894736842105,136.04651162790697,14.914920583904118,55.0
18.18867104606969,407.2232142857143,4.526315789473684,5.894736842105263,130.23255813953486,15.468224068513994,54.0
18.77637973002025,430.9553571428571,4.526315789473684,6.105263157894736,134.88372093023256,15.360962474519471,54.0
18.5123297976596,417.4821428571428,4.578947368421052,5.947368421052631,129.8850574712644,15.308252276508233,55.0
18.410571187734604,414.9910714285714,4.526315789473684,5.894736842105263,130.23255813953486,15.38558775111575,55.0
18.661622458270617,424.0446428571428,4.526315789473684,6.263157894736842,138.3720930232558,15.301099770141647,57.0
18.964668222836085,419.8660714285714,4.526315789473684,6.052631578947368,133.72093023255815,14.67000111605115,55.0
18.10752530821732,416.00892857142856,4.578947368421052,5.894736842105263,128.73563218390805,15.943890903541655,56.0
18.750382514936582,431.1160714285714,4.684210526315789,5.947368421052631,126.96629213483146,15.409332033097552,55.0
18.303428228412358,410.65178571428567,4.578947368421052,5.894736842105263,128.73563218390805,15.40347466052124,55.0
18.630241047058785,418.9285714285714,4.631578947368421,5.842105263157895,126.13636363636364,15.167461341833716,55.0
19.016662633844785,437.0625,4.526315789473684,6.2105263157894735,137.2093023255814,15.18744806169743,56.0
19.11080690579755,435.58928571428567,4.684210526315789,6.0,128.08988764044943,14.987493367960129,56.0
18.74499828687736,432.9107142857143,4.631578947368421,6.0,129.54545454545453,15.482368085198388,57.0
18.66162254129137,415.2053571428571,4.526315789473684,5.947368421052631,131.3953488372093,14.98214550101947,55.0
18.870524008359222,429.1607142857143,4.578947368421052,6.052631578947368,132.183908045977,15.14474283813813,54.0
18.536096800650867,418.52678571428567,4.631578947368421,5.842105263157895,126.13636363636364,15.307227769760908,56.0
18.428953917963163,425.3303571428571,4.578947368421052,6.105263157894736,133.33333333333331,15.737468601190931,56.0
19.204951247998647,440.38392857142856,4.631578947368421,6.157894736842105,132.95454545454547,15.0042712681042,58.0
18.83914258437497,427.2053571428571,4.7368421052631575,5.947368421052631,125.55555555555556,15.12600668226039,58.0
18.567478269338608,420.1607142857143,4.789473684210526,5.789473684210526,120.87912087912088,15.315086643772451,57.0
18.264432498386928,408.375,4.684210526315789,5.63157894736842,120.22471910112358,15.383552792971695,54.0
19.02743108996323,433.3660714285714,4.7368421052631575,5.947368421052631,125.55555555555556,15.041960903519538,58.0
18.807761147618294,425.46428571428567,4.7368421052631575,5.842105263157895,123.33333333333334,15.114673596119856,57.0
18.87052401474544,436.07142857142856,4.789473684210526,5.894736842105263,123.07692307692308,15.388616479715903,59.0
19.110806924956183,436.5535714285714,4.684210526315789,6.0,128.08988764044943,15.020671898982856,58.0
18.467949718236923,431.25,4.7368421052631575,6.0,126.66666666666669,15.889184399456648,57.0
18.74499835712569,423.375,4.684210526315789,5.842105263157895,124.7191011235955,15.141338208171891,56.0
18.763381189533643,437.94642857142856,4.789473684210526,6.0,125.2747252747253,15.631787761465011,61.0
18.75038250855037,434.65178571428567,4.789473684210526,5.894736842105263,123.07692307692308,15.535708671724244,59.0
18.85752530821732,435.4553571428571,4.578947368421052,6.157894736842105,134.48275862068965,15.38806823120424,57.0
18.901905381253787,430.0982142857143,4.631578947368421,6.0,129.54545454545453,15.127471163431776,58.0
18.575092620083264,422.83928571428567,4.842105263157895,5.789473684210526,119.56521739130434,15.400088572670647,58.0
19.236332582575933,445.7678571428571,4.631578947368421,6.2105263157894735,134.0909090909091,15.138193755551354,59.0
18.504715395825247,408.75,4.7368421052631575,5.684210526315789,120.0,15.000398950469876,56.0
18.593475452491216,428.94642857142856,4.789473684210526,6.0,125.2747252747253,15.591638997246628,58.0
19.204951177750317,439.6875,4.7368421052631575,6.052631578947368,127.7777777777778,14.980543438217804,58.0
18.09452672302723,406.5,4.7368421052631575,5.63157894736842,118.88888888888889,15.601844943291686,57.0
18.93328682439668,429.0535714285714,4.684210526315789,6.0,128.08988764044943,15.040745303228254,58.0
18.428953949894225,423.50892857142856,4.789473684210526,5.789473684210526,120.87912087912088,15.670074638905009,59.0
18.53609679426465,417.2410714285714,4.7368421052631575,5.63157894736842,118.88888888888889,15.260203976567349,55.0
18.138906783291272,409.6607142857143,4.631578947368421,5.7368421052631575,123.86363636363636,15.64631120205184,55.0
18.57509264562811,437.19642857142856,4.842105263157895,5.947368421052631,122.82608695652172,15.922985239565367,60.0
18.436568281480245,430.3660714285714,4.7368421052631575,5.947368421052631,125.55555555555556,15.910642493158226,59.0
18.927902602723663,438.9910714285714,4.842105263157895,6.0,123.91304347826086,15.397867076543346,58.0
18.467949762940407,424.1785714285714,4.7368421052631575,5.842105263157895,123.33333333333334,15.628641175878773,57.0
18.08375832438469,420.8035714285714,4.947368421052631,5.63157894736842,113.82978723404256,16.170069716002203,58.0
18.68761968612671,433.3125,4.842105263157895,6.0,123.91304347826086,15.59204599628658,60.0
19.811042604701857,471.9375,4.842105263157895,6.263157894736842,129.34782608695653,15.110529662421971,64.0
19.003664074199538,445.125,4.789473684210526,6.052631578947368,126.3736263736264,15.488778212002956,60.0
20.333758369088173,479.1428571428571,4.684210526315789,6.684210526315789,142.6966292134831,14.562621620714856,63.0
19.16057109832764,454.4196428571428,4.842105263157895,6.2105263157894735,128.26086956521738,15.5542853172097,64.0
19.129189687115804,449.7321428571428,4.842105263157895,6.157894736842105,127.17391304347828,15.44438590954787,62.0
19.641136982611247,466.52678571428567,4.842105263157895,6.421052631578947,132.6086956521739,15.196836774123394,62.0
18.82614394170897,438.75,4.789473684210526,6.052631578947368,126.3736263736264,15.556225990883,60.0
18.933286811624253,448.6071428571428,4.7368421052631575,6.315789473684211,133.33333333333334,15.726208183189804,62.0
19.507996884839876,467.5982142857143,4.789473684210526,6.368421052631579,132.967032967033,15.44035754432034,62.0
19.44523411989212,448.0982142857143,4.7368421052631575,6.263157894736842,132.22222222222223,14.892126766864894,60.0
18.95166961848736,448.1785714285714,4.842105263157895,6.052631578947368,125.0,15.68071994263157,63.0
19.400854021310806,469.3660714285714,4.789473684210526,6.421052631578947,134.06593406593407,15.670392022045467,63.0
19.22333399738584,456.88392857142856,4.842105263157895,6.2105263157894735,128.26086956521738,15.53668362121944,62.0
18.65623827491488,444.0535714285714,4.842105263157895,6.052631578947368,125.0,16.03234580381336,62.0
19.63352256161826,457.52678571428567,4.684210526315789,6.368421052631579,135.95505617977528,14.915229392998109,60.0
19.633522619094165,455.2232142857143,4.684210526315789,6.368421052631579,135.95505617977528,14.840133601655872,62.0
19.191952535084315,457.07142857142856,4.842105263157895,6.263157894736842,129.34782608695653,15.59393130640488,63.0
19.400854021310806,470.4910714285714,4.842105263157895,6.473684210526315,133.69565217391303,15.707951598883104,64.0
18.878138327172824,447.1607142857143,4.7368421052631575,6.157894736842105,130.0,15.767221810000777,60.0
19.494998299649783,468.375,4.789473684210526,6.473684210526315,135.16483516483518,15.48663871294104,63.0
19.299095398613385,449.6785714285714,4.684210526315789,6.2105263157894735,132.58426966292134,15.171836392417063,60.0
19.71466824199472,470.9196428571428,4.684210526315789,6.526315789473684,139.32584269662922,15.22571596032369,63.0
18.813145350132668,437.9196428571428,4.789473684210526,6.0,125.2747252747253,15.54824832273444,60.0
19.306709736585617,457.33928571428567,4.842105263157895,6.263157894736842,129.34782608695653,15.418134806313365,62.0
19.424621094550403,451.2321428571428,4.789473684210526,6.157894736842105,128.57142857142858,15.028124365075206,59.0
19.11842131401811,462.32142857142856,4.894736842105263,6.2105263157894735,126.88172043010752,15.894608363232567,64.0
19.77966127012457,466.0178571428571,4.684210526315789,6.578947368421052,140.44943820224717,14.968377334217042,60.0
19.097808301448826,449.4910714285714,4.7368421052631575,6.2105263157894735,131.11111111111111,15.48687789017902,62.0
19.36947262925761,454.9821428571428,4.7368421052631575,6.263157894736842,132.22222222222223,15.239426478532089,62.0
19.254715376666613,452.94642857142856,4.789473684210526,6.263157894736842,130.76923076923077,15.352619877007488,62.0
19.01666269132069,436.9553571428571,4.684210526315789,6.157894736842105,131.46067415730337,15.183724871781289,60.0
19.727666903819355,455.57142857142856,4.631578947368421,6.421052631578947,138.63636363636363,14.71007511866851,60.0
19.79042966876711,465.58928571428567,4.789473684210526,6.368421052631579,132.967032967033,14.938341902331926,64.0
19.36947262925761,454.6607142857143,4.842105263157895,6.2105263157894735,128.26086956521738,15.228660370105008,64.0
19.129189731819288,447.69642857142856,4.842105263157895,6.2105263157894735,128.26086956521738,15.374476765079644,63.0
19.149802750774796,449.9732142857143,4.894736842105263,6.105263157894736,124.73118279569891,15.419415674973216,60.0
19.26232982959066,458.1428571428571,4.842105263157895,6.315789473684211,130.43478260869566,15.516478138871644,64.0
19.0036641061306,446.7857142857143,4.842105263157895,6.157894736842105,127.17391304347828,15.546565152726588,61.0
19.96794973739556,465.8035714285714,4.684210526315789,6.421052631578947,137.07865168539325,14.68066499633566,63.0
19.66490401114736,460.125,4.789473684210526,6.315789473684211,131.86813186813188,14.95209448463381,63.0
19.330476835370064,446.65178571428567,4.789473684210526,6.2105263157894735,129.67032967032966,15.020825621848848,62.0
19.90518695967538,471.96428571428567,4.789473684210526,6.421052631578947,134.06593406593407,14.968782500300874,69.0
18.789378359913822,444.69642857142856,4.789473684210526,6.2105263157894735,129.67032967032966,15.828825154097936,59.0
18.888906821608543,435.8571428571428,4.684210526315789,6.2105263157894735,132.58426966292134,15.351131189498082,59.0
19.41385265120438,454.82142857142856,4.7368421052631575,6.315789473684211,133.33333333333334,15.164473058582182,60.0
19.41385265120438,449.1428571428571,4.789473684210526,6.105263157894736,127.47252747252747,14.975140414976796,60.0
19.72766680163997,464.08928571428567,4.7368421052631575,6.315789473684211,133.33333333333334,14.985110779998456,63.0
18.959284071411403,452.7321428571428,4.789473684210526,6.263157894736842,130.76923076923077,15.827317916359249,62.0
18.9722826055118,440.0625,4.7368421052631575,6.157894736842105,130.0,15.363319253200576,61.0
18.794762613517896,435.50892857142856,4.789473684210526,6.105263157894736,127.47252747252747,15.492918548094725,60.0
19.63352254884584,455.0625,4.789473684210526,6.315789473684211,131.86813186813188,14.834894472649884,61.0
18.138906796063694,420.21428571428567,4.842105263157895,5.684210526315789,117.39130434782608,16.04938732784826,62.0
19.066426864692144,447.58928571428567,4.789473684210526,6.157894736842105,128.57142857142858,15.472159083875065,60.0
19.26771395547049,440.4375,4.7368421052631575,6.157894736842105,130.0,14.90849391429113,60.0
19.243946926934377,457.3928571428571,4.894736842105263,6.105263157894736,124.73118279569891,15.520687017352095,63.0
19.602141163178853,454.82142857142856,4.7368421052631575,6.368421052631579,134.44444444444446,14.874547304076737,60.0
18.951669605714933,446.7857142857143,4.684210526315789,6.315789473684211,134.8314606741573,15.631987150110108,60.0
18.82075980305672,448.2053571428571,4.789473684210526,6.157894736842105,128.57142857142858,15.900566697415885,61.0
19.811042687722612,469.7946428571428,4.842105263157895,6.263157894736842,129.34782608695653,15.041919378397594,63.0
19.173569740993635,446.625,4.684210526315789,6.263157894736842,133.7078651685393,15.266762106157396,59.0
19.759048232010432,466.5803571428571,4.789473684210526,6.368421052631579,132.967032967033,15.017729327245917,64.0
19.69628540320056,458.27678571428567,4.7368421052631575,6.368421052631579,134.44444444444446,14.844619326356757,61.0
17.63457391517503,385.52678571428567,4.578947368421052,5.63157894736842,122.98850574712642,15.578817149047609,49.0
17.54042966876711,379.07142857142856,4.473684210526316,5.526315789473684,123.52941176470588,15.482834116666206,49.0
17.540429681539536,378.75,4.526315789473684,5.421052631578947,119.76744186046513,15.46970563106468,49.0
18.000382495777945,392.5982142857143,4.473684210526316,5.7368421052631575,128.23529411764704,15.226311719210385,50.0
18.410571123872483,401.4910714285714,4.7368421052631575,5.684210526315789,120.0,14.885082062955778,53.0
17.710335405809538,391.7678571428571,4.578947368421052,5.526315789473684,120.6896551724138,15.69585915348013,52.0
17.678953962666647,394.15178571428567,4.526315789473684,5.7368421052631575,126.74418604651164,15.847480744196549,52.0
17.924621056233132,404.94642857142856,4.578947368421052,5.894736842105263,128.73563218390805,15.838260108275144,53.0
17.906238242983818,386.25,4.473684210526316,5.63157894736842,125.88235294117644,15.138039686427105,49.0
18.076143948095183,400.44642857142856,4.526315789473684,5.7368421052631575,126.74418604651164,15.400779625042835,52.0
17.52743105803217,387.8303571428571,4.473684210526316,5.684210526315789,127.05882352941175,15.864088687048053,51.0
17.66595539663519,383.46428571428567,4.578947368421052,5.578947368421052,121.83908045977012,15.440470380900274,50.0
18.17028816257204,406.7410714285714,4.631578947368421,5.7368421052631575,123.86363636363636,15.481187215949303,53.0
18.303428266729625,404.8125,4.526315789473684,5.894736842105263,130.23255813953486,15.18444403951332,53.0
18.04476252411093,394.0982142857143,4.631578947368421,5.473684210526315,118.18181818181816,15.209396755401134,51.0
17.704951152205467,396.02678571428567,4.526315789473684,5.789473684210526,127.90697674418604,15.876141432833297,51.0
18.44195249038083,406.71428571428567,4.684210526315789,5.7368421052631575,122.47191011235954,15.02745698176697,54.0
18.12590817894254,401.5446428571428,4.578947368421052,5.789473684210526,126.4367816091954,15.358335447363585,53.0
18.076143948095183,403.3928571428571,4.631578947368421,5.789473684210526,124.99999999999996,15.514096398203687,53.0
17.950618284089224,394.875,4.684210526315789,5.578947368421052,119.10112359550564,15.399643931440778,52.0
17.906238294073514,394.875,4.526315789473684,5.684210526315789,125.5813953488372,15.476073494025608,54.0
18.19090119429997,398.7857142857143,4.526315789473684,5.894736842105263,130.23255813953486,15.14401483155371,50.0
18.094526754958288,402.9107142857143,4.526315789473684,5.789473684210526,127.90697674418604,15.4640847923506,54.0
18.000382483005524,394.4196428571428,4.473684210526316,5.7368421052631575,128.23529411764704,15.296953017913072,51.0
17.603192484804563,382.9285714285714,4.578947368421052,5.526315789473684,120.6896551724138,15.52904540749804,50.0
17.339142584374972,380.5446428571428,4.526315789473684,5.578947368421052,123.25581395348836,15.905972990927424,50.0
17.527431070804596,388.6875,4.526315789473684,5.684210526315789,125.5813953488372,15.899149844757954,51.0
17.496049640434126,389.57142857142856,4.578947368421052,5.63157894736842,122.98850574712642,15.99252202467873,51.0
17.59019386768341,393.4553571428571,4.631578947368421,5.63157894736842,121.59090909090908,15.979532703934884,53.0
18.013381112899097,399.2678571428571,4.578947368421052,5.7368421052631575,125.2873563218391,15.462643311961944,53.0
18.10752537846565,408.0803571428571,4.631578947368421,5.789473684210526,124.99999999999996,15.64002163613101,55.0
18.138906783291272,402.69642857142856,4.578947368421052,5.789473684210526,126.4367816091954,15.380321865545138,52.0
18.27204687467643,407.7321428571428,4.631578947368421,5.894736842105263,127.27272727272728,15.346537759468958,53.0
17.969001110110963,394.9285714285714,4.473684210526316,5.789473684210526,129.41176470588235,15.370236403090534,52.0
18.575092626469477,407.5178571428571,4.421052631578947,6.2105263157894735,140.47619047619048,14.842071923445229,53.0
18.138906840767177,408.4821428571428,4.473684210526316,6.105263157894736,136.4705882352941,15.601297523157426,55.0
18.575092620083264,415.1785714285714,4.473684210526316,6.052631578947368,135.2941176470588,15.121080253160716,54.0
18.41057111748627,405.40178571428567,4.684210526315789,5.684210526315789,121.34831460674158,15.030069863174914,55.0
18.177902602723663,403.63392857142856,4.578947368421052,5.789473684210526,126.4367816091954,15.350056723167816,54.0
18.063145350132668,399.2410714285714,4.631578947368421,5.842105263157895,126.13636363636364,15.376529409462186,56.0
17.937619769147464,397.6875,4.526315789473684,5.7368421052631575,126.74418604651164,15.531813850817713,53.0
18.47333395268236,409.15178571428567,4.578947368421052,5.789473684210526,126.4367816091954,15.06620083702223,55.0
18.744998318808417,425.625,4.526315789473684,6.052631578947368,133.72093023255815,15.221805966814587,54.0
18.30342824118478,409.15178571428567,4.526315789473684,5.842105263157895,129.06976744186048,15.347209908752616,53.0
17.760099591953413,394.0446428571428,4.789473684210526,5.526315789473684,115.3846153846154,15.698729196589897,55.0
17.78071255343301,388.2857142857143,4.473684210526316,5.63157894736842,125.88235294117644,15.433447685394189,53.0
17.906238204666547,396.9107142857143,4.7368421052631575,5.578947368421052,117.7777777777778,15.555858046705616,54.0
18.076144011957304,407.19642857142856,4.631578947368421,5.789473684210526,124.99999999999996,15.660377940174833,56.0
18.504715383052822,418.2321428571428,4.578947368421052,6.0,131.0344827586207,15.348376771688107,55.0
17.41490397283009,385.125,4.526315789473684,5.578947368421052,123.25581395348836,15.957667334912978,52.0
17.76009961749826,397.5803571428571,4.631578947368421,5.684210526315789,122.72727272727272,15.839591924048422,55.0
17.812094009348325,399.6696428571428,4.578947368421052,5.842105263157895,127.58620689655172,15.8300056270412,53.0
18.70061827770301,424.5,4.526315789473684,6.157894736842105,136.04651162790697,15.253715002923643,55.0
18.39757251952376,413.46428571428567,4.631578947368421,5.947368421052631,128.4090909090909,15.350651739789054,54.0
17.728718148810522,387.5357142857143,4.526315789473684,5.63157894736842,124.4186046511628,15.49412034426417,53.0
18.588091230818204,415.52678571428567,4.526315789473684,6.0,132.55813953488374,15.112603837527942,55.0
18.460335418581963,412.9821428571428,4.421052631578947,6.157894736842105,139.2857142857143,15.228669513442242,53.0
18.536096800650867,412.5803571428571,4.578947368421052,5.789473684210526,126.4367816091954,15.089742677608143,55.0
17.86724244909627,382.15178571428567,4.473684210526316,5.578947368421052,124.70588235294116,15.042869783927364,52.0
18.41057109832764,415.3660714285714,4.526315789473684,6.0,132.55813953488374,15.39949083933508,55.0
18.83914252051285,429.3482142857143,4.526315789473684,6.2105263157894735,137.2093023255814,15.20187866033788,56.0
18.57509263285569,415.9285714285714,4.526315789473684,6.052631578947368,133.72093023255815,15.148395732140497,56.0
18.60647402490888,416.2232142857143,4.578947368421052,6.052631578947368,132.183908045977,15.108035643615535,55.0
18.20166961848736,406.9821428571428,4.631578947368421,5.789473684210526,124.99999999999996,15.436995012251035,55.0
18.985281203474315,432.2678571428571,4.526315789473684,6.2105263157894735,137.2093023255814,15.070537393896076,58.0
18.13890678967748,412.2857142857143,4.578947368421052,5.947368421052631,129.8850574712644,15.746568710108807,56.0
18.536096800650867,419.9196428571428,4.526315789473684,6.0,132.55813953488374,15.358170223778671,56.0
18.347808314221243,411.02678571428567,4.631578947368421,5.842105263157895,126.13636363636364,15.343046466847028,54.0
18.52309816437108,412.3928571428571,4.473684210526316,6.157894736842105,137.64705882352942,15.104061381310167,55.0
18.30342831143311,410.00892857142856,4.684210526315789,5.789473684210526,123.59550561797752,15.379361065141618,55.0
19.142188272305894,445.0446428571428,4.526315789473684,6.315789473684211,139.53488372093022,15.26266158680145,58.0
18.36619110192571,413.8660714285714,4.526315789473684,5.894736842105263,130.23255813953486,15.418122462250016,56.0
19.17356972822121,426.69642857142856,4.578947368421052,6.105263157894736,133.33333333333331,14.585553596923402,57.0
18.839142552443917,419.1696428571428,4.631578947368421,5.947368421052631,128.4090909090909,14.841487201272608,54.0
18.71361683734825,422.0625,4.526315789473684,6.105263157894736,134.88372093023256,15.145065817926843,55.0
18.682235451681272,422.7321428571428,4.631578947368421,6.0,129.54545454545453,15.220098138671874,56.0
18.007996884839873,410.0625,4.7368421052631575,5.842105263157895,123.33333333333334,15.890190558663551,55.0
18.47333398461342,408.50892857142856,4.684210526315789,5.63157894736842,120.22471910112358,15.042528849171688,55.0
18.22228266298771,415.15178571428567,4.578947368421052,6.052631578947368,132.183908045977,15.71126725213932,53.0
18.41057120689324,414.0803571428571,4.631578947368421,5.947368421052631,128.4090909090909,15.351823439584225,55.0
18.347808314221243,410.9732142857143,4.631578947368421,5.842105263157895,126.13636363636364,15.341046721461971,55.0
18.33480965239661,409.2857142857143,4.631578947368421,5.947368421052631,128.4090909090909,15.299725505638984,55.0
18.460335393037116,415.2857142857143,4.578947368421052,6.0,131.0344827586207,15.313613490066102,56.0
18.366191038063597,411.40178571428567,4.578947368421052,5.894736842105263,128.73563218390805,15.326318331792605,54.0
18.366191153015407,413.9732142857143,4.684210526315789,5.789473684210526,123.59550561797752,15.422113865016872,56.0
18.177902564406395,416.9196428571428,4.631578947368421,5.947368421052631,128.4090909090909,15.85530784414116,56.0
17.885625307049068,399.1875,4.684210526315789,5.63157894736842,120.22471910112358,15.681172811634225,54.0
18.700618252158165,422.46428571428567,4.473684210526316,6.2105263157894735,138.8235294117647,15.180564972449238,55.0
17.96900107179369,407.46428571428567,4.578947368421052,5.842105263157895,127.58620689655172,15.858114294694746,54.0
19.59137277730873,470.6785714285714,4.947368421052631,6.2105263157894735,125.53191489361704,15.410067962574638,65.0
19.338091230818204,463.9553571428571,4.894736842105263,6.2105263157894735,126.88172043010752,15.590457089117214,66.0
19.69090122623103,476.5178571428571,4.842105263157895,6.526315789473684,134.7826086956522,15.443931148892844,67.0
19.798044083373885,480.0,4.947368421052631,6.421052631578947,129.7872340425532,15.388862793570496,68.0
19.40085400853838,463.2053571428571,4.894736842105263,6.157894736842105,125.80645161290325,15.464708645439634,65.0
20.051325617091997,477.9910714285714,5.0,6.263157894736842,125.26315789473684,14.93975478128134,68.0
20.03832694888115,486.32142857142856,4.842105263157895,6.684210526315789,138.04347826086956,15.219849340881384,66.0
19.65413557418755,470.08928571428567,5.0,6.2105263157894735,124.21052631578948,15.29263495962574,66.0
19.097808301448826,454.6875,5.052631578947368,5.894736842105263,116.66666666666669,15.665916940932537,66.0
19.77966130844184,482.5178571428571,4.947368421052631,6.315789473684211,127.65957446808513,15.498353158632495,69.0
20.20823266676494,484.1785714285714,5.0,6.368421052631579,127.36842105263158,14.899056318190649,68.0
19.81104262386049,481.52678571428567,5.0,6.315789473684211,126.3157894736842,15.417560089447012,68.0
19.570759707263537,473.1696428571428,5.0,6.2105263157894735,124.21052631578948,15.52427647456014,68.0
19.53937834075519,475.6071428571428,5.0,6.2105263157894735,124.21052631578948,15.654411581900307,68.0
19.432235438908847,462.32142857142856,4.894736842105263,6.157894736842105,125.80645161290325,15.385384704746372,66.0
19.41923687287739,469.9553571428571,4.789473684210526,6.526315789473684,136.2637362637363,15.660374740320584,66.0
19.16280138066837,463.2857142857143,5.0,6.2105263157894735,124.21052631578948,15.854070176335068,66.0
19.507996948701997,468.6696428571428,4.947368421052631,6.2105263157894735,125.53191489361704,15.47573662050532,67.0
19.716898339135305,476.5178571428571,4.947368421052631,6.315789473684211,127.65957446808513,15.403231752500847,67.0
19.393239625862662,459.3482142857143,4.894736842105263,6.157894736842105,125.80645161290325,15.347978035862983,67.0
19.7276668207986,472.7678571428571,4.894736842105263,6.263157894736842,127.95698924731182,15.26533560852224,66.0
19.43984987267426,473.4107142857143,4.894736842105263,6.368421052631579,130.10752688172042,15.742080660532956,66.0
19.703899805034908,478.90178571428567,4.947368421052631,6.315789473684211,127.65957446808513,15.500722434185912,69.0
19.905186940516742,480.21428571428567,5.0,6.105263157894736,122.10526315789473,15.23043888660527,69.0
19.191952535084315,459.2678571428571,4.894736842105263,6.052631578947368,123.65591397849462,15.668866981927923,65.0
19.77966119349003,472.5535714285714,5.052631578947368,6.157894736842105,121.875,15.1783029645077,66.0
19.369472584554128,478.6607142857143,4.947368421052631,6.263157894736842,126.59574468085108,16.03252987333107,69.0
19.306709864309852,460.5,4.947368421052631,6.052631578947368,122.3404255319149,15.524690762738544,66.0
20.43551697262696,504.6160714285714,4.947368421052631,6.789473684210526,137.2340425531915,15.184471629424312,70.0
19.47661546085562,467.94642857142856,5.0,6.2105263157894735,124.21052631578948,15.50168906386926,67.0
19.90518689581326,484.125,4.947368421052631,6.473684210526315,130.85106382978725,15.354470865291177,69.0
19.59137275176389,482.08928571428567,4.894736842105263,6.368421052631579,130.10752688172042,15.783656038793705,67.0
19.73528119070189,475.6071428571428,5.0,6.263157894736842,125.26315789473684,15.345166149609922,68.0
19.93656833895615,478.6875,5.0,6.2105263157894735,124.21052631578948,15.134258212781935,67.0
19.267713987401557,456.13392857142856,4.842105263157895,6.157894736842105,127.17391304347828,15.43980672778682,66.0
19.46361694591386,463.0446428571428,4.842105263157895,6.315789473684211,130.43478260869566,15.359802459906298,66.0
19.338091166956083,466.4196428571428,4.894736842105263,6.157894736842105,125.80645161290325,15.673265463070674,66.0
19.988562801054545,474.77678571428567,4.947368421052631,6.2105263157894735,125.53191489361704,14.93262647960805,66.0
19.494998267718724,467.8928571428571,4.842105263157895,6.315789473684211,130.43478260869566,15.470696896021453,66.0
19.842424035072327,481.0178571428571,4.894736842105263,6.368421052631579,130.10752688172042,15.35258853874459,67.0
19.93656830702509,475.7946428571428,5.0,6.157894736842105,123.15789473684212,15.042797241048556,69.0
19.338091230818204,464.00892857142856,4.894736842105263,6.105263157894736,124.73118279569891,15.592257268909272,66.0
19.432235458067485,466.5535714285714,4.947368421052631,6.2105263157894735,125.53191489361704,15.526224232842017,67.0
19.432235464453697,468.8035714285714,5.0,6.105263157894736,122.10526315789473,15.601100949855992,67.0
19.811042726039886,483.6696428571428,5.052631578947368,6.315789473684211,125.0,15.486170087522432,70.0
19.96794971185071,485.7857142857143,5.052631578947368,6.263157894736842,123.95833333333331,15.310439393603396,70.0
19.00366401033742,460.9285714285714,5.0,6.157894736842105,123.15789473684212,16.038686801270284,66.0
19.14218831062317,460.4732142857143,5.0,6.052631578947368,121.05263157894736,15.791779373354217,67.0
19.43223547722612,466.9821428571428,4.947368421052631,6.157894736842105,124.468085106383,15.540486435964045,66.0
19.50799685290881,471.88392857142856,5.0,6.2105263157894735,124.21052631578948,15.581874305365346,65.0
19.873805599553243,477.3482142857143,5.105263157894736,6.2105263157894735,121.64948453608248,15.187388116915375,68.0
19.507996910384723,461.27678571428567,5.052631578947368,6.0,118.75,15.231620357127598,66.0
20.176851274711744,492.2946428571428,5.0,6.526315789473684,130.5263157894737,15.195961629133835,70.0
19.82942545626845,483.3482142857143,5.0,6.315789473684211,126.3157894736842,15.447198254019511,68.0
19.44523402409894,465.4553571428571,5.0,6.052631578947368,121.05263157894736,15.468975394672436,65.0
19.81104270049504,476.75892857142856,5.0,6.105263157894736,122.10526315789473,15.26490237019669,66.0
19.81104270688125,474.1875,5.0,6.105263157894736,122.10526315789473,15.182570171659552,66.0
19.967949750167985,480.4821428571428,5.052631578947368,6.263157894736842,123.95833333333331,15.143287427681305,68.0
19.609755481992448,465.58928571428567,4.894736842105263,6.263157894736842,127.95698924731182,15.214878369088066,66.0
18.97228266937392,460.5803571428571,5.052631578947368,6.105263157894736,120.83333333333331,16.079631917970456,66.0
19.43223550915718,470.625,4.842105263157895,6.526315789473684,134.7826086956522,15.661715371260089,66.0
20.062093977417263,479.8125,4.947368421052631,6.368421052631579,128.72340425531917,14.980589412711984,67.0
19.96794976932662,474.75,4.842105263157895,6.421052631578947,132.6086956521739,14.962628266985227,66.0
19.96794980125768,470.83928571428567,4.842105263157895,6.368421052631579,131.52173913043478,14.839374793268432,66.0
20.0697084239551,484.6875,4.894736842105263,6.63157894736842,135.48387096774192,15.121314893763984,67.0
19.38247130385467,478.3125,4.947368421052631,6.263157894736842,126.59574468085108,15.999385229673782,68.0
19.5393783471414,466.875,5.0,6.052631578947368,121.05263157894736,15.36699671627409,68.0
20.082706989986555,478.71428571428567,5.052631578947368,6.2105263157894735,122.91666666666669,14.915635029980947,67.0
19.936568262321607,478.4196428571428,5.052631578947368,6.2105263157894735,122.91666666666669,15.125789716111036,67.0
19.685516991785597,476.9196428571428,4.947368421052631,6.263157894736842,126.59574468085108,15.465409508492556,67.0
19.74827979505062,488.00892857142856,5.105263157894736,6.263157894736842,122.68041237113404,15.724581235985882,69.0
19.539378385458672,467.83928571428567,4.894736842105263,6.368421052631579,130.10752688172042,15.398735719665144,66.0
19.57075981582914,467.9196428571428,4.947368421052631,6.052631578947368,122.3404255319149,15.352028458833098,67.0
19.44523401771273,466.25892857142856,4.947368421052631,6.2105263157894735,125.53191489361704,15.495681353048838,67.0
19.873805439897943,478.4196428571428,5.0,6.105263157894736,122.10526315789473,15.221477106479211,68.0
19.628138422966003,478.9821428571428,4.894736842105263,6.526315789473684,133.33333333333334,15.62323489605904,67.0
19.507996897612298,477.3482142857143,4.947368421052631,6.368421052631579,128.72340425531917,15.762308039011268,67.0
20.05132554045745,475.3125,4.947368421052631,6.315789473684211,127.65957446808513,14.856035338765166,67.0
19.035045459866524,456.6696428571428,4.947368421052631,6.157894736842105,124.468085106383,15.838139729878094,63.0
19.81104270688125,481.5803571428571,5.0,6.315789473684211,126.3157894736842,15.419275214159583,69.0
19.672518425754134,472.3928571428571,4.894736842105263,6.315789473684211,129.03225806451616,15.33886639714263,67.0
19.476615441696985,469.7678571428571,5.0,6.105263157894736,122.10526315789473,15.562027666685696,66.0
19.400854014924597,467.3303571428571,4.894736842105263,6.2105263157894735,126.88172043010752,15.60242708375388,66.0
20.069708411182678,483.1875,4.947368421052631,6.526315789473684,131.91489361702128,15.074517806896722,68.0
19.67251839382308,476.83928571428567,4.842105263157895,6.421052631578947,132.6086956521739,15.483244527577968,65.0
19.14218825314726,458.0625,5.052631578947368,6.052631578947368,119.79166666666669,15.709104803993604,64.0
20.06970835370677,488.4375,4.947368421052631,6.473684210526315,130.85106382978725,15.23830776557425,69.0
19.387855442506925,470.7857142857143,4.842105263157895,6.473684210526315,133.69565217391303,15.738871664479769,67.0
19.53937840461731,475.875,4.947368421052631,6.157894736842105,124.468085106383,15.663227886126457,67.0
19.539378264120646,467.7321428571428,4.894736842105263,6.263157894736842,127.95698924731182,15.395209348242226,66.0
20.05132555961609,491.5446428571428,5.0,6.421052631578947,128.42105263157896,15.363375823088631,69.0
19.685516966240744,476.5446428571428,4.947368421052631,6.315789473684211,127.65957446808513,15.453249159206592,67.0
19.60975560971669,484.9285714285714,4.947368421052631,6.368421052631579,128.72340425531917,15.846861949475946,69.0
19.212565502950124,470.75892857142856,5.0,6.157894736842105,123.15789473684212,16.02646381778719,66.0
19.41385273422513,468.1071428571428,5.0,6.157894736842105,123.15789473684212,15.607439864851898,66.0
19.53937830882413,475.7678571428571,5.0,6.263157894736842,125.26315789473684,15.65970147704992,66.0
18.48094838006156,418.90178571428567,4.7368421052631575,5.789473684210526,122.2222222222222,15.412516968551628,58.0
18.37918969988823,410.46428571428567,4.842105263157895,5.578947368421052,115.21739130434784,15.269770813664184,55.0
18.49933116137981,430.4732142857143,4.789473684210526,6.052631578947368,126.3736263736264,15.80679945806104,60.0
18.807761070983748,439.0178571428571,4.789473684210526,6.105263157894736,127.47252747252747,15.596166095392428,60.0
19.267714000173974,448.4196428571428,4.789473684210526,6.0,125.2747252747253,15.178683662410776,61.0
18.909519776701927,435.6696428571428,4.789473684210526,6.0,125.2747252747253,15.31109193728818,60.0
18.669236840946333,434.8660714285714,4.526315789473684,6.263157894736842,138.3720930232558,15.67877971955296,58.0
18.39757256422724,421.71428571428567,4.526315789473684,6.157894736842105,136.04651162790697,15.65694867949855,57.0
19.079425545675413,444.6696428571428,4.631578947368421,6.315789473684211,136.36363636363637,15.35029607376879,61.0
18.985281229019165,424.82142857142856,4.631578947368421,6.0,129.54545454545453,14.81092591547828,65.0
18.73961405881813,431.7053571428571,4.894736842105263,5.789473684210526,118.2795698924731,15.448133619124082,66.0
19.236332582575933,441.96428571428567,4.684210526315789,6.052631578947368,129.21348314606743,15.009025175255218,67.0
18.77637976833752,433.90178571428567,4.7368421052631575,6.052631578947368,127.7777777777778,15.46598484114294,65.0
19.42462105623313,449.3571428571428,4.7368421052631575,6.2105263157894735,131.11111111111111,14.96567822290989,67.0
18.996049595730643,433.7678571428571,4.7368421052631575,6.0,126.66666666666669,15.10569256019176,64.0
18.700618264930583,429.96428571428567,4.7368421052631575,6.0,126.66666666666669,15.450065217150208,65.0
18.240665386830056,413.0625,4.684210526315789,5.789473684210526,123.59550561797752,15.60070699086898,62.0
18.42895396905286,424.5803571428571,4.789473684210526,5.789473684210526,120.87912087912088,15.709718081388976,65.0
18.33480971625873,417.75,4.526315789473684,6.105263157894736,134.88372093023256,15.616133332703235,62.0
18.66923686649118,431.00892857142856,4.842105263157895,5.894736842105263,121.7391304347826,15.53971319845548,65.0
18.360806899411337,426.0535714285714,4.894736842105263,5.842105263157895,119.35483870967742,15.881464490123989,62.0
18.8153755239078,437.1428571428571,4.894736842105263,5.894736842105263,120.43010752688171,15.516989612361655,63.0
19.236332588962146,450.58928571428567,4.631578947368421,6.315789473684211,136.36363636363637,15.301928565484964,66.0
18.63785541696208,432.21428571428567,4.789473684210526,6.0,125.2747252747253,15.63569191512321,64.0
19.048044089760097,445.875,4.684210526315789,6.157894736842105,131.46067415730337,15.442663604339504,64.0
19.236332588962146,442.5535714285714,4.789473684210526,6.052631578947368,126.3736263736264,15.029037198843335,64.0
18.870523989200592,426.4285714285714,4.631578947368421,6.0,129.54545454545453,15.048327703952683,59.0
18.575092620083264,424.5,4.842105263157895,5.894736842105263,121.7391304347826,15.460572893683292,63.0
18.93328686271395,436.0178571428571,4.7368421052631575,6.0,126.66666666666669,15.284882697899876,63.0
18.5437111386231,424.6875,4.947368421052631,5.7368421052631575,115.95744680851064,15.51979696508926,63.0
18.870523995586804,433.0178571428571,4.7368421052631575,5.842105263157895,123.33333333333334,15.280858385517718,59.0
18.575092690331594,423.32142857142856,4.789473684210526,5.947368421052631,124.17582417582418,15.417648420220951,59.0
18.73199964421136,428.75892857142856,4.578947368421052,6.105263157894736,133.33333333333331,15.355174607932026,56.0
18.410571130258692,424.9553571428571,4.526315789473684,6.157894736842105,136.04651162790697,15.755008790777367,60.0
19.602141144020216,453.8571428571428,4.631578947368421,6.263157894736842,135.22727272727272,14.843011190396949,60.0
18.146521153194563,421.7678571428571,4.7368421052631575,5.789473684210526,122.2222222222222,16.095207669615057,61.0
18.76338113205773,433.7678571428571,4.842105263157895,6.0,123.91304347826086,15.482640523547785,60.0
18.567478256566183,415.9285714285714,4.7368421052631575,5.7368421052631575,121.1111111111111,15.160822754792656,58.0
19.035045466252736,440.1160714285714,4.789473684210526,6.0,125.2747252747253,15.264031540090883,61.0
18.57509256899357,424.7678571428571,4.842105263157895,5.894736842105263,121.7391304347826,15.470328514430944,59.0
17.830476816211426,405.88392857142856,4.789473684210526,5.684210526315789,118.6813186813187,16.043008187741734,57.0
18.700618252158165,431.46428571428567,4.684210526315789,5.947368421052631,126.96629213483146,15.503965291415948,60.0
19.11080690579755,429.0,4.631578947368421,6.052631578947368,130.68181818181816,14.76077320017522,57.0
18.52309816437108,428.3571428571428,4.7368421052631575,5.894736842105263,124.44444444444444,15.688760042213056,61.0
18.731999663369997,428.1160714285714,4.789473684210526,5.947368421052631,124.17582417582418,15.332151887084075,60.0
18.71361688205174,432.6160714285714,4.7368421052631575,5.947368421052631,125.55555555555556,15.52376447653025,58.0
18.7947625624282,437.27678571428567,4.842105263157895,6.0,123.91304347826086,15.555808885705064,61.0
19.11080691218376,432.5357142857143,4.684210526315789,6.052631578947368,129.21348314606743,14.882427914406035,56.0
19.299095411385807,440.625,4.631578947368421,6.157894736842105,132.95454545454547,14.866375287402535,58.0
18.05776107736996,418.875,4.842105263157895,5.842105263157895,120.65217391304348,16.142340345107588,58.0
18.316426934940477,417.96428571428567,4.7368421052631575,5.7368421052631575,121.1111111111111,15.65552088726365,61.0
18.410571130258692,412.4732142857143,4.578947368421052,5.894736842105263,128.73563218390805,15.29223954422822,70.0
18.744998306035995,421.2857142857143,4.7368421052631575,5.894736842105263,124.44444444444444,15.066618286489303,71.0
17.937619679740497,412.4196428571428,4.789473684210526,5.684210526315789,118.6813186813187,16.107182612310744,60.0
18.42895391157695,423.8303571428571,4.578947368421052,6.0,131.0344827586207,15.681967746660774,56.0
19.330476803439,449.5446428571428,4.7368421052631575,6.2105263157894735,131.11111111111111,15.11811197867072,62.0
18.93328680523804,435.8035714285714,4.842105263157895,5.842105263157895,120.65217391304348,15.277370868945866,62.0
18.637855461665563,422.83928571428567,4.789473684210526,5.894736842105263,123.07692307692308,15.296543839123682,58.0
18.303428202867508,419.0625,4.842105263157895,5.7368421052631575,118.4782608695652,15.718959085285633,60.0
18.240665386830056,424.25892857142856,4.684210526315789,5.842105263157895,124.7191011235955,16.023578109615055,58.0
19.23633253787245,440.94642857142856,4.7368421052631575,6.052631578947368,127.7777777777778,14.974459005056216,59.0
19.361858221037046,443.19642857142856,4.7368421052631575,6.2105263157894735,131.11111111111111,14.856347345868656,61.0
